email,timestamp,emotion,confidence,model_type,session_id
123,2025-04-26 13:39:08,neutral,0.29709455370903015,teacher-student,56903dad-30d0-4f4b-be54-497a781099e0
123,2025-04-26 13:39:08,neutral,0.29709455370903015,teacher-student,56903dad-30d0-4f4b-be54-497a781099e0
123,2025-04-26 13:39:08,neutral,0.5623680949211121,teacher-student,56903dad-30d0-4f4b-be54-497a781099e0
123,2025-04-26 13:39:08,angry,0.589332103729248,teacher-student,56903dad-30d0-4f4b-be54-497a781099e0
123,2025-04-26 13:39:08,angry,0.7961405515670776,teacher-student,56903dad-30d0-4f4b-be54-497a781099e0
123,2025-04-26 13:39:08,neutral,0.5305771827697754,teacher-student,56903dad-30d0-4f4b-be54-497a781099e0
123,2025-04-26 13:39:08,neutral,0.5305771827697754,teacher-student,56903dad-30d0-4f4b-be54-497a781099e0
123,2025-04-26 13:39:08,angry,0.6218578219413757,teacher-student,56903dad-30d0-4f4b-be54-497a781099e0
123,2025-04-26 13:39:08,angry,0.6218578219413757,teacher-student,56903dad-30d0-4f4b-be54-497a781099e0
123,2025-04-26 13:39:08,angry,0.854370653629303,teacher-student,56903dad-30d0-4f4b-be54-497a781099e0
123,2025-04-26 13:39:08,neutral,0.6738635301589966,teacher-student,56903dad-30d0-4f4b-be54-497a781099e0
123,2025-04-26 13:39:09,angry,0.6915880441665649,teacher-student,56903dad-30d0-4f4b-be54-497a781099e0
123,2025-04-26 13:39:09,angry,0.8939263820648193,teacher-student,56903dad-30d0-4f4b-be54-497a781099e0
123,2025-04-26 13:39:09,angry,0.704833984375,teacher-student,56903dad-30d0-4f4b-be54-497a781099e0
123,2025-04-26 13:39:09,angry,0.704833984375,teacher-student,56903dad-30d0-4f4b-be54-497a781099e0
123,2025-04-26 13:39:09,angry,0.8135707378387451,teacher-student,56903dad-30d0-4f4b-be54-497a781099e0
123,2025-04-26 13:39:09,angry,0.5831607580184937,teacher-student,56903dad-30d0-4f4b-be54-497a781099e0
123,2025-04-26 13:39:09,neutral,0.5232598185539246,teacher-student,56903dad-30d0-4f4b-be54-497a781099e0
123,2025-04-26 13:39:09,neutral,0.7252877354621887,teacher-student,56903dad-30d0-4f4b-be54-497a781099e0
123,2025-04-26 13:39:09,neutral,0.5364599227905273,teacher-student,56903dad-30d0-4f4b-be54-497a781099e0
123,2025-04-26 13:39:09,angry,0.6492738723754883,teacher-student,56903dad-30d0-4f4b-be54-497a781099e0
123,2025-04-26 13:39:09,angry,0.6492738723754883,teacher-student,56903dad-30d0-4f4b-be54-497a781099e0
123,2025-04-26 13:39:09,neutral,0.6285516619682312,teacher-student,56903dad-30d0-4f4b-be54-497a781099e0
123,2025-04-26 13:39:09,angry,0.7802022099494934,teacher-student,56903dad-30d0-4f4b-be54-497a781099e0
123,2025-04-26 13:39:10,angry,0.6611723303794861,teacher-student,56903dad-30d0-4f4b-be54-497a781099e0
123,2025-04-26 13:39:10,neutral,0.7763150930404663,teacher-student,56903dad-30d0-4f4b-be54-497a781099e0
123,2025-04-26 13:39:10,neutral,0.7763150930404663,teacher-student,56903dad-30d0-4f4b-be54-497a781099e0
123,2025-04-26 13:39:10,angry,0.5595001578330994,teacher-student,56903dad-30d0-4f4b-be54-497a781099e0
123,2025-04-26 13:39:10,angry,0.5676270723342896,teacher-student,56903dad-30d0-4f4b-be54-497a781099e0
123,2025-04-26 13:39:10,angry,0.8278224468231201,teacher-student,56903dad-30d0-4f4b-be54-497a781099e0
123,2025-04-26 13:39:10,angry,0.5432789325714111,teacher-student,56903dad-30d0-4f4b-be54-497a781099e0
123,2025-04-26 13:39:10,angry,0.8499728441238403,teacher-student,56903dad-30d0-4f4b-be54-497a781099e0
123,2025-04-26 13:39:10,angry,0.7765655517578125,teacher-student,56903dad-30d0-4f4b-be54-497a781099e0
123,2025-04-26 13:39:10,angry,0.7765655517578125,teacher-student,56903dad-30d0-4f4b-be54-497a781099e0
123,2025-04-26 13:39:10,angry,0.7418763637542725,teacher-student,56903dad-30d0-4f4b-be54-497a781099e0
123,2025-04-26 13:39:10,angry,0.7418763637542725,teacher-student,56903dad-30d0-4f4b-be54-497a781099e0
123,2025-04-26 13:39:10,angry,0.7251006960868835,teacher-student,56903dad-30d0-4f4b-be54-497a781099e0
123,2025-04-26 13:39:11,angry,0.7590005397796631,teacher-student,56903dad-30d0-4f4b-be54-497a781099e0
123,2025-04-26 13:39:11,neutral,0.45145082473754883,teacher-student,56903dad-30d0-4f4b-be54-497a781099e0
123,2025-04-26 13:39:11,angry,0.8899005055427551,teacher-student,56903dad-30d0-4f4b-be54-497a781099e0
123,2025-04-26 13:39:11,angry,0.8899005055427551,teacher-student,56903dad-30d0-4f4b-be54-497a781099e0
123,2025-04-26 13:39:11,angry,0.7383477091789246,teacher-student,56903dad-30d0-4f4b-be54-497a781099e0
123,2025-04-26 13:39:11,angry,0.6087111830711365,teacher-student,56903dad-30d0-4f4b-be54-497a781099e0
123,2025-04-26 13:39:11,angry,0.867069661617279,teacher-student,56903dad-30d0-4f4b-be54-497a781099e0
123,2025-04-26 13:39:11,angry,0.7772810459136963,teacher-student,56903dad-30d0-4f4b-be54-497a781099e0
123,2025-04-26 13:39:11,angry,0.7772810459136963,teacher-student,56903dad-30d0-4f4b-be54-497a781099e0
123,2025-04-26 13:39:11,angry,0.7945521473884583,teacher-student,56903dad-30d0-4f4b-be54-497a781099e0
123,2025-04-26 13:39:11,angry,0.7945521473884583,teacher-student,56903dad-30d0-4f4b-be54-497a781099e0
123,2025-04-26 13:39:11,angry,0.7497796416282654,teacher-student,56903dad-30d0-4f4b-be54-497a781099e0
123,2025-04-26 13:39:11,angry,0.7466950416564941,teacher-student,56903dad-30d0-4f4b-be54-497a781099e0
123,2025-04-26 13:39:12,angry,0.43766921758651733,teacher-student,56903dad-30d0-4f4b-be54-497a781099e0
123,2025-04-26 13:39:12,angry,0.7367277145385742,teacher-student,56903dad-30d0-4f4b-be54-497a781099e0
123,2025-04-26 13:39:12,angry,0.7367277145385742,teacher-student,56903dad-30d0-4f4b-be54-497a781099e0
123,2025-04-26 13:39:12,angry,0.7609830498695374,teacher-student,56903dad-30d0-4f4b-be54-497a781099e0
123,2025-04-26 13:39:12,angry,0.7609830498695374,teacher-student,56903dad-30d0-4f4b-be54-497a781099e0
123,2025-04-26 13:39:12,neutral,0.6808527112007141,teacher-student,56903dad-30d0-4f4b-be54-497a781099e0
123,2025-04-26 13:39:12,neutral,0.6201291680335999,teacher-student,56903dad-30d0-4f4b-be54-497a781099e0
123,2025-04-26 13:39:12,neutral,0.6264522671699524,teacher-student,56903dad-30d0-4f4b-be54-497a781099e0
123,2025-04-26 13:39:12,angry,0.70123291015625,teacher-student,56903dad-30d0-4f4b-be54-497a781099e0
123,2025-04-26 13:39:12,angry,0.70123291015625,teacher-student,56903dad-30d0-4f4b-be54-497a781099e0
123,2025-04-26 13:39:12,neutral,0.5721835494041443,teacher-student,56903dad-30d0-4f4b-be54-497a781099e0
123,2025-04-26 13:39:12,angry,0.915712833404541,teacher-student,56903dad-30d0-4f4b-be54-497a781099e0
123,2025-04-26 13:39:12,angry,0.6379296183586121,teacher-student,56903dad-30d0-4f4b-be54-497a781099e0
123,2025-04-26 13:39:13,angry,0.7597134113311768,teacher-student,56903dad-30d0-4f4b-be54-497a781099e0
123,2025-04-26 13:39:13,angry,0.6180945038795471,teacher-student,56903dad-30d0-4f4b-be54-497a781099e0
123,2025-04-26 13:39:13,angry,0.6601398587226868,teacher-student,56903dad-30d0-4f4b-be54-497a781099e0
123,2025-04-26 13:39:13,angry,0.6601398587226868,teacher-student,56903dad-30d0-4f4b-be54-497a781099e0
123,2025-04-26 13:39:13,angry,0.6713142395019531,teacher-student,56903dad-30d0-4f4b-be54-497a781099e0
123,2025-04-26 13:39:13,angry,0.944334864616394,teacher-student,56903dad-30d0-4f4b-be54-497a781099e0
123,2025-04-26 13:39:13,angry,0.7806150317192078,teacher-student,56903dad-30d0-4f4b-be54-497a781099e0
123,2025-04-26 13:39:13,angry,1.0206828117370605,teacher-student,56903dad-30d0-4f4b-be54-497a781099e0
123,2025-04-26 13:39:13,angry,0.793002724647522,teacher-student,56903dad-30d0-4f4b-be54-497a781099e0
123,2025-04-26 13:39:13,angry,0.5524442791938782,teacher-student,56903dad-30d0-4f4b-be54-497a781099e0
123,2025-04-26 13:39:13,angry,0.5524442791938782,teacher-student,56903dad-30d0-4f4b-be54-497a781099e0
123,2025-04-26 13:39:13,angry,0.7653011679649353,teacher-student,56903dad-30d0-4f4b-be54-497a781099e0
123,2025-04-26 13:39:13,angry,0.7324447631835938,teacher-student,56903dad-30d0-4f4b-be54-497a781099e0
123,2025-04-26 13:39:13,angry,0.6632476449012756,teacher-student,56903dad-30d0-4f4b-be54-497a781099e0
123,2025-04-26 13:39:14,angry,0.6148391962051392,teacher-student,56903dad-30d0-4f4b-be54-497a781099e0
123,2025-04-26 13:39:14,neutral,0.5007342100143433,teacher-student,56903dad-30d0-4f4b-be54-497a781099e0
123,2025-04-26 13:39:14,angry,0.5230638980865479,teacher-student,56903dad-30d0-4f4b-be54-497a781099e0
123,2025-04-26 13:39:14,neutral,0.5525017976760864,teacher-student,56903dad-30d0-4f4b-be54-497a781099e0
123,2025-04-26 13:39:14,angry,0.5143849849700928,teacher-student,56903dad-30d0-4f4b-be54-497a781099e0
123,2025-04-26 13:39:14,angry,0.5143849849700928,teacher-student,56903dad-30d0-4f4b-be54-497a781099e0
123,2025-04-26 13:39:14,neutral,0.5719842314720154,teacher-student,56903dad-30d0-4f4b-be54-497a781099e0
123,2025-04-26 13:39:14,neutral,0.560631513595581,teacher-student,56903dad-30d0-4f4b-be54-497a781099e0
123,2025-04-26 13:39:14,angry,0.5684446096420288,teacher-student,56903dad-30d0-4f4b-be54-497a781099e0
123,2025-04-26 13:39:14,neutral,0.46886610984802246,teacher-student,56903dad-30d0-4f4b-be54-497a781099e0
123,2025-04-26 13:39:14,angry,0.553378164768219,teacher-student,56903dad-30d0-4f4b-be54-497a781099e0
123,2025-04-26 13:39:14,neutral,0.6853756904602051,teacher-student,56903dad-30d0-4f4b-be54-497a781099e0
123,2025-04-26 13:39:14,neutral,0.6853756904602051,teacher-student,56903dad-30d0-4f4b-be54-497a781099e0
123,2025-04-26 13:39:15,angry,0.7473733425140381,teacher-student,56903dad-30d0-4f4b-be54-497a781099e0
123,2025-04-26 13:39:15,angry,0.5813820362091064,teacher-student,56903dad-30d0-4f4b-be54-497a781099e0
123,2025-04-26 13:39:15,angry,0.7881646752357483,teacher-student,56903dad-30d0-4f4b-be54-497a781099e0
123,2025-04-26 13:39:15,angry,0.6597760915756226,teacher-student,56903dad-30d0-4f4b-be54-497a781099e0
123,2025-04-26 13:39:15,angry,0.6597760915756226,teacher-student,56903dad-30d0-4f4b-be54-497a781099e0
123,2025-04-26 13:39:15,angry,0.5406162738800049,teacher-student,56903dad-30d0-4f4b-be54-497a781099e0
123,2025-04-26 13:39:15,angry,0.5975972414016724,teacher-student,56903dad-30d0-4f4b-be54-497a781099e0
123,2025-04-26 13:39:15,angry,0.8916075825691223,teacher-student,56903dad-30d0-4f4b-be54-497a781099e0
123,2025-04-26 13:39:15,angry,0.6538488268852234,teacher-student,56903dad-30d0-4f4b-be54-497a781099e0
123,2025-04-26 13:39:15,angry,0.960594654083252,teacher-student,56903dad-30d0-4f4b-be54-497a781099e0
123,2025-04-26 13:39:15,angry,0.960594654083252,teacher-student,56903dad-30d0-4f4b-be54-497a781099e0
123,2025-04-26 13:39:15,neutral,0.4654812812805176,teacher-student,56903dad-30d0-4f4b-be54-497a781099e0
123,2025-04-26 13:39:16,neutral,0.4654812812805176,teacher-student,56903dad-30d0-4f4b-be54-497a781099e0
123,2025-04-26 13:39:16,neutral,0.6248385906219482,teacher-student,56903dad-30d0-4f4b-be54-497a781099e0
123,2025-04-26 13:39:16,angry,0.8183339238166809,teacher-student,56903dad-30d0-4f4b-be54-497a781099e0
123,2025-04-26 13:39:16,angry,1.0429036617279053,teacher-student,56903dad-30d0-4f4b-be54-497a781099e0
123,2025-04-26 13:39:16,angry,0.5516619086265564,teacher-student,56903dad-30d0-4f4b-be54-497a781099e0
123,2025-04-26 13:39:16,angry,0.6540529727935791,teacher-student,56903dad-30d0-4f4b-be54-497a781099e0
123,2025-04-26 13:39:16,angry,0.5434707403182983,teacher-student,56903dad-30d0-4f4b-be54-497a781099e0
123,2025-04-26 13:39:16,neutral,0.6015328168869019,teacher-student,56903dad-30d0-4f4b-be54-497a781099e0
123,2025-04-26 13:39:16,neutral,0.6015328168869019,teacher-student,56903dad-30d0-4f4b-be54-497a781099e0
123,2025-04-26 13:39:16,angry,0.5418226718902588,teacher-student,56903dad-30d0-4f4b-be54-497a781099e0
123,2025-04-26 13:39:16,angry,0.5641631484031677,teacher-student,56903dad-30d0-4f4b-be54-497a781099e0
123,2025-04-26 13:39:16,angry,0.7287495136260986,teacher-student,56903dad-30d0-4f4b-be54-497a781099e0
123,2025-04-26 13:39:16,angry,0.7091130018234253,teacher-student,56903dad-30d0-4f4b-be54-497a781099e0
123,2025-04-26 13:39:16,neutral,0.4770297408103943,teacher-student,56903dad-30d0-4f4b-be54-497a781099e0
123,2025-04-26 13:39:17,angry,0.5146005749702454,teacher-student,56903dad-30d0-4f4b-be54-497a781099e0
123,2025-04-26 13:39:17,angry,0.5146005749702454,teacher-student,56903dad-30d0-4f4b-be54-497a781099e0
123,2025-04-26 13:39:17,angry,0.630729615688324,teacher-student,56903dad-30d0-4f4b-be54-497a781099e0
123,2025-04-26 13:39:17,neutral,0.5965376496315002,teacher-student,56903dad-30d0-4f4b-be54-497a781099e0
123,2025-04-26 13:39:17,angry,0.7756869196891785,teacher-student,56903dad-30d0-4f4b-be54-497a781099e0
123,2025-04-26 13:39:17,angry,0.5122367739677429,teacher-student,56903dad-30d0-4f4b-be54-497a781099e0
123,2025-04-26 13:39:17,neutral,0.6548898220062256,teacher-student,56903dad-30d0-4f4b-be54-497a781099e0
123,2025-04-26 13:39:17,angry,0.5234132409095764,teacher-student,56903dad-30d0-4f4b-be54-497a781099e0
123,2025-04-26 13:39:17,angry,0.5234132409095764,teacher-student,56903dad-30d0-4f4b-be54-497a781099e0
123,2025-04-26 13:39:17,angry,0.5483124852180481,teacher-student,56903dad-30d0-4f4b-be54-497a781099e0
123,2025-04-26 13:39:17,angry,0.48048368096351624,teacher-student,56903dad-30d0-4f4b-be54-497a781099e0
123,2025-04-26 13:39:17,angry,0.5918064117431641,teacher-student,56903dad-30d0-4f4b-be54-497a781099e0
123,2025-04-26 13:39:17,angry,0.455485075712204,teacher-student,56903dad-30d0-4f4b-be54-497a781099e0
123,2025-04-26 13:39:18,angry,0.5308403968811035,teacher-student,56903dad-30d0-4f4b-be54-497a781099e0
123,2025-04-26 13:39:18,angry,0.5308403968811035,teacher-student,56903dad-30d0-4f4b-be54-497a781099e0
123,2025-04-26 13:39:18,neutral,0.5188588500022888,teacher-student,56903dad-30d0-4f4b-be54-497a781099e0
123,2025-04-26 13:39:18,angry,0.9369507431983948,teacher-student,56903dad-30d0-4f4b-be54-497a781099e0
123,2025-04-26 13:39:18,angry,0.7483586072921753,teacher-student,56903dad-30d0-4f4b-be54-497a781099e0
123,2025-04-26 13:39:18,angry,0.5529248118400574,teacher-student,56903dad-30d0-4f4b-be54-497a781099e0
123,2025-04-26 13:39:18,angry,0.7607870697975159,teacher-student,56903dad-30d0-4f4b-be54-497a781099e0
123,2025-04-26 13:39:18,angry,0.7607870697975159,teacher-student,56903dad-30d0-4f4b-be54-497a781099e0
123,2025-04-26 13:39:18,neutral,0.6772106289863586,teacher-student,56903dad-30d0-4f4b-be54-497a781099e0
123,2025-04-26 13:39:18,angry,0.43879780173301697,teacher-student,56903dad-30d0-4f4b-be54-497a781099e0
123,2025-04-26 13:39:18,angry,0.790380597114563,teacher-student,56903dad-30d0-4f4b-be54-497a781099e0
123,2025-04-26 13:39:18,angry,0.7057862877845764,teacher-student,56903dad-30d0-4f4b-be54-497a781099e0
123,2025-04-26 13:39:18,angry,0.6108925938606262,teacher-student,56903dad-30d0-4f4b-be54-497a781099e0
123,2025-04-26 13:39:19,angry,0.6108925938606262,teacher-student,56903dad-30d0-4f4b-be54-497a781099e0
123,2025-04-26 13:39:19,angry,0.6016217470169067,teacher-student,56903dad-30d0-4f4b-be54-497a781099e0
123,2025-04-26 13:39:19,angry,0.5673403143882751,teacher-student,56903dad-30d0-4f4b-be54-497a781099e0
123,2025-04-26 13:39:19,neutral,0.47058606147766113,teacher-student,56903dad-30d0-4f4b-be54-497a781099e0
123,2025-04-26 13:39:19,angry,0.6812903881072998,teacher-student,56903dad-30d0-4f4b-be54-497a781099e0
123,2025-04-26 13:39:19,angry,0.685486912727356,teacher-student,56903dad-30d0-4f4b-be54-497a781099e0
123,2025-04-26 13:39:19,neutral,0.5576345324516296,teacher-student,56903dad-30d0-4f4b-be54-497a781099e0
123,2025-04-26 13:39:19,angry,0.5979329943656921,teacher-student,56903dad-30d0-4f4b-be54-497a781099e0
123,2025-04-26 13:39:19,angry,0.5979329943656921,teacher-student,56903dad-30d0-4f4b-be54-497a781099e0
123,2025-04-26 13:39:19,neutral,0.6732525825500488,teacher-student,56903dad-30d0-4f4b-be54-497a781099e0
123,2025-04-26 13:39:19,neutral,0.5351889729499817,teacher-student,56903dad-30d0-4f4b-be54-497a781099e0
123,2025-04-26 13:39:19,neutral,0.5585923790931702,teacher-student,56903dad-30d0-4f4b-be54-497a781099e0
123,2025-04-26 13:39:19,angry,0.7344047427177429,teacher-student,56903dad-30d0-4f4b-be54-497a781099e0
123,2025-04-26 13:39:19,angry,0.7184667587280273,teacher-student,56903dad-30d0-4f4b-be54-497a781099e0
123,2025-04-26 13:39:20,angry,0.7184667587280273,teacher-student,56903dad-30d0-4f4b-be54-497a781099e0
123,2025-04-26 13:39:20,neutral,0.6909568905830383,teacher-student,56903dad-30d0-4f4b-be54-497a781099e0
123,2025-04-26 13:39:20,neutral,0.5535917282104492,teacher-student,56903dad-30d0-4f4b-be54-497a781099e0
123,2025-04-26 13:39:20,neutral,0.5490077137947083,teacher-student,56903dad-30d0-4f4b-be54-497a781099e0
123,2025-04-26 13:39:20,angry,0.8648121953010559,teacher-student,56903dad-30d0-4f4b-be54-497a781099e0
123,2025-04-26 13:39:20,angry,0.6161711812019348,teacher-student,56903dad-30d0-4f4b-be54-497a781099e0
123,2025-04-26 13:39:20,neutral,0.5629998445510864,teacher-student,56903dad-30d0-4f4b-be54-497a781099e0
123,2025-04-26 13:39:20,neutral,0.5582405924797058,teacher-student,56903dad-30d0-4f4b-be54-497a781099e0
123,2025-04-26 13:39:20,neutral,0.5602656006813049,teacher-student,56903dad-30d0-4f4b-be54-497a781099e0
123,2025-04-26 13:39:20,neutral,0.5602656006813049,teacher-student,56903dad-30d0-4f4b-be54-497a781099e0
123,2025-04-26 13:39:20,angry,0.48055946826934814,teacher-student,56903dad-30d0-4f4b-be54-497a781099e0
123,2025-04-26 13:39:20,angry,0.6530176997184753,teacher-student,56903dad-30d0-4f4b-be54-497a781099e0
123,2025-04-26 13:39:21,angry,0.6224808096885681,teacher-student,56903dad-30d0-4f4b-be54-497a781099e0
123,2025-04-26 13:39:21,angry,0.5265464782714844,teacher-student,56903dad-30d0-4f4b-be54-497a781099e0
123,2025-04-26 13:39:21,angry,0.5265464782714844,teacher-student,56903dad-30d0-4f4b-be54-497a781099e0
123,2025-04-26 13:39:21,neutral,0.6059492230415344,teacher-student,56903dad-30d0-4f4b-be54-497a781099e0
123,2025-04-26 13:39:21,neutral,0.5351424217224121,teacher-student,56903dad-30d0-4f4b-be54-497a781099e0
123,2025-04-26 13:39:21,angry,0.5707201361656189,teacher-student,56903dad-30d0-4f4b-be54-497a781099e0
123,2025-04-26 13:39:21,angry,0.46798327565193176,teacher-student,56903dad-30d0-4f4b-be54-497a781099e0
123,2025-04-26 13:39:21,angry,0.6398015022277832,teacher-student,56903dad-30d0-4f4b-be54-497a781099e0
123,2025-04-26 13:39:21,angry,0.7167363166809082,teacher-student,56903dad-30d0-4f4b-be54-497a781099e0
123,2025-04-26 13:39:21,neutral,0.5266462564468384,teacher-student,56903dad-30d0-4f4b-be54-497a781099e0
123,2025-04-26 13:39:21,neutral,0.5266462564468384,teacher-student,56903dad-30d0-4f4b-be54-497a781099e0
123,2025-04-26 13:39:21,neutral,0.7275129556655884,teacher-student,56903dad-30d0-4f4b-be54-497a781099e0
123,2025-04-26 13:39:21,angry,0.5221640467643738,teacher-student,56903dad-30d0-4f4b-be54-497a781099e0
123,2025-04-26 13:39:22,angry,0.613419234752655,teacher-student,56903dad-30d0-4f4b-be54-497a781099e0
123,2025-04-26 13:39:22,angry,0.613419234752655,teacher-student,56903dad-30d0-4f4b-be54-497a781099e0
123,2025-04-26 13:39:22,angry,0.8012195229530334,teacher-student,56903dad-30d0-4f4b-be54-497a781099e0
123,2025-04-26 13:39:22,angry,0.6823026537895203,teacher-student,56903dad-30d0-4f4b-be54-497a781099e0
123,2025-04-26 13:39:22,neutral,0.6435755491256714,teacher-student,56903dad-30d0-4f4b-be54-497a781099e0
123,2025-04-26 13:39:22,neutral,0.5973504185676575,teacher-student,56903dad-30d0-4f4b-be54-497a781099e0
123,2025-04-26 13:39:22,neutral,0.6462574601173401,teacher-student,56903dad-30d0-4f4b-be54-497a781099e0
123,2025-04-26 13:39:22,neutral,0.6462574601173401,teacher-student,56903dad-30d0-4f4b-be54-497a781099e0
123,2025-04-26 13:39:22,angry,0.6595103740692139,teacher-student,56903dad-30d0-4f4b-be54-497a781099e0
123,2025-04-26 13:39:22,angry,0.7576715350151062,teacher-student,56903dad-30d0-4f4b-be54-497a781099e0
123,2025-04-26 13:39:22,angry,0.7236673831939697,teacher-student,56903dad-30d0-4f4b-be54-497a781099e0
123,2025-04-26 13:39:22,angry,0.5593988299369812,teacher-student,56903dad-30d0-4f4b-be54-497a781099e0
123,2025-04-26 13:39:22,neutral,0.5351556539535522,teacher-student,56903dad-30d0-4f4b-be54-497a781099e0
123,2025-04-26 13:39:23,angry,0.45629483461380005,teacher-student,56903dad-30d0-4f4b-be54-497a781099e0
123,2025-04-26 13:39:23,angry,0.45591697096824646,teacher-student,56903dad-30d0-4f4b-be54-497a781099e0
123,2025-04-26 13:39:23,neutral,0.513653039932251,teacher-student,56903dad-30d0-4f4b-be54-497a781099e0
123,2025-04-26 13:39:23,neutral,0.513653039932251,teacher-student,56903dad-30d0-4f4b-be54-497a781099e0
123,2025-04-26 13:39:23,neutral,0.5127245187759399,teacher-student,56903dad-30d0-4f4b-be54-497a781099e0
123,2025-04-26 13:39:23,angry,0.9111868739128113,teacher-student,56903dad-30d0-4f4b-be54-497a781099e0
123,2025-04-26 13:39:23,angry,0.9111868739128113,teacher-student,56903dad-30d0-4f4b-be54-497a781099e0
123,2025-04-26 13:39:23,angry,0.9947241544723511,teacher-student,56903dad-30d0-4f4b-be54-497a781099e0
123,2025-04-26 13:39:23,angry,0.5050421357154846,teacher-student,56903dad-30d0-4f4b-be54-497a781099e0
123,2025-04-26 13:39:23,angry,0.562822699546814,teacher-student,56903dad-30d0-4f4b-be54-497a781099e0
123,2025-04-26 13:39:23,angry,0.5472086668014526,teacher-student,56903dad-30d0-4f4b-be54-497a781099e0
123,2025-04-26 13:39:23,angry,0.5663003325462341,teacher-student,56903dad-30d0-4f4b-be54-497a781099e0
123,2025-04-26 13:39:23,angry,0.5663003325462341,teacher-student,56903dad-30d0-4f4b-be54-497a781099e0
123,2025-04-26 13:39:23,angry,0.6879567503929138,teacher-student,56903dad-30d0-4f4b-be54-497a781099e0
123,2025-04-26 13:39:24,angry,0.6064548492431641,teacher-student,56903dad-30d0-4f4b-be54-497a781099e0
123,2025-04-26 13:39:24,angry,0.5757539868354797,teacher-student,56903dad-30d0-4f4b-be54-497a781099e0
123,2025-04-26 13:39:24,angry,0.5350676774978638,teacher-student,56903dad-30d0-4f4b-be54-497a781099e0
123,2025-04-26 13:39:24,neutral,0.5246776342391968,teacher-student,56903dad-30d0-4f4b-be54-497a781099e0
123,2025-04-26 13:39:24,angry,0.5093369483947754,teacher-student,56903dad-30d0-4f4b-be54-497a781099e0
123,2025-04-26 13:39:24,neutral,0.39152172207832336,teacher-student,56903dad-30d0-4f4b-be54-497a781099e0
123,2025-04-26 13:39:24,neutral,0.39152172207832336,teacher-student,56903dad-30d0-4f4b-be54-497a781099e0
123,2025-04-26 13:39:24,happy,0.4411957561969757,teacher-student,56903dad-30d0-4f4b-be54-497a781099e0
123,2025-04-26 13:39:28,neutral,0.4456816017627716,teacher-student,56903dad-30d0-4f4b-be54-497a781099e0
123,2025-04-26 13:39:28,neutral,0.4456816017627716,teacher-student,56903dad-30d0-4f4b-be54-497a781099e0
123,2025-04-26 13:39:31,angry,0.9090484976768494,teacher-student,56903dad-30d0-4f4b-be54-497a781099e0
123,2025-04-26 13:39:31,angry,0.9090484976768494,teacher-student,56903dad-30d0-4f4b-be54-497a781099e0
123,2025-04-26 13:39:33,happy,0.5337645411491394,teacher-student,56903dad-30d0-4f4b-be54-497a781099e0
123,2025-04-26 13:39:33,happy,0.5337645411491394,teacher-student,56903dad-30d0-4f4b-be54-497a781099e0
123,2025-04-26 13:39:33,neutral,0.4762517511844635,teacher-student,56903dad-30d0-4f4b-be54-497a781099e0
123,2025-04-26 13:39:33,angry,0.6263785362243652,teacher-student,56903dad-30d0-4f4b-be54-497a781099e0
123,2025-04-26 13:39:33,angry,0.8749843835830688,teacher-student,56903dad-30d0-4f4b-be54-497a781099e0
123,2025-04-26 13:39:34,angry,0.8743877410888672,teacher-student,56903dad-30d0-4f4b-be54-497a781099e0
123,2025-04-26 13:39:34,angry,0.44827163219451904,teacher-student,56903dad-30d0-4f4b-be54-497a781099e0
123,2025-04-26 13:39:34,angry,0.44827163219451904,teacher-student,56903dad-30d0-4f4b-be54-497a781099e0
123,2025-04-26 13:39:34,angry,0.7714285254478455,teacher-student,56903dad-30d0-4f4b-be54-497a781099e0
123,2025-04-26 13:39:34,neutral,0.5816126465797424,teacher-student,56903dad-30d0-4f4b-be54-497a781099e0
123,2025-04-26 13:39:34,neutral,0.6057448387145996,teacher-student,56903dad-30d0-4f4b-be54-497a781099e0
123,2025-04-26 13:39:34,neutral,0.6077882647514343,teacher-student,56903dad-30d0-4f4b-be54-497a781099e0
123,2025-04-26 13:39:34,neutral,0.5093820095062256,teacher-student,56903dad-30d0-4f4b-be54-497a781099e0
123,2025-04-26 13:39:34,happy,0.4118853509426117,teacher-student,56903dad-30d0-4f4b-be54-497a781099e0
123,2025-04-26 13:39:34,happy,0.4118853509426117,teacher-student,56903dad-30d0-4f4b-be54-497a781099e0
123,2025-04-26 13:39:34,angry,0.4942511320114136,teacher-student,56903dad-30d0-4f4b-be54-497a781099e0
123,2025-04-26 13:39:34,angry,0.9696002006530762,teacher-student,56903dad-30d0-4f4b-be54-497a781099e0
123,2025-04-26 13:39:34,angry,0.6066324710845947,teacher-student,56903dad-30d0-4f4b-be54-497a781099e0
123,2025-04-26 13:39:35,angry,0.7997598052024841,teacher-student,56903dad-30d0-4f4b-be54-497a781099e0
123,2025-04-26 13:39:35,angry,0.6367743015289307,teacher-student,56903dad-30d0-4f4b-be54-497a781099e0
123,2025-04-26 13:39:35,angry,0.5835145711898804,teacher-student,56903dad-30d0-4f4b-be54-497a781099e0
123,2025-04-26 13:39:35,angry,0.5835145711898804,teacher-student,56903dad-30d0-4f4b-be54-497a781099e0
123,2025-04-26 13:39:35,angry,0.6878995299339294,teacher-student,56903dad-30d0-4f4b-be54-497a781099e0
123,2025-04-26 13:39:35,angry,0.8930229544639587,teacher-student,56903dad-30d0-4f4b-be54-497a781099e0
123,2025-04-26 13:39:35,angry,0.472140908241272,teacher-student,56903dad-30d0-4f4b-be54-497a781099e0
123,2025-04-26 13:39:35,angry,0.8369712829589844,teacher-student,56903dad-30d0-4f4b-be54-497a781099e0
123,2025-04-26 13:39:35,angry,1.03398859500885,teacher-student,56903dad-30d0-4f4b-be54-497a781099e0
123,2025-04-26 13:39:35,angry,0.48684850335121155,teacher-student,56903dad-30d0-4f4b-be54-497a781099e0
123,2025-04-26 13:39:35,angry,0.6437686085700989,teacher-student,56903dad-30d0-4f4b-be54-497a781099e0
123,2025-04-26 13:39:35,neutral,0.5433100461959839,teacher-student,56903dad-30d0-4f4b-be54-497a781099e0
123,2025-04-26 13:39:36,neutral,0.5130792856216431,teacher-student,56903dad-30d0-4f4b-be54-497a781099e0
123,2025-04-26 13:39:36,angry,0.6323906779289246,teacher-student,56903dad-30d0-4f4b-be54-497a781099e0
123,2025-04-26 13:39:36,neutral,0.7126160860061646,teacher-student,56903dad-30d0-4f4b-be54-497a781099e0
123,2025-04-26 13:39:36,neutral,0.6223241686820984,teacher-student,56903dad-30d0-4f4b-be54-497a781099e0
123,2025-04-26 13:39:36,neutral,0.6223241686820984,teacher-student,56903dad-30d0-4f4b-be54-497a781099e0
123,2025-04-26 13:39:36,neutral,0.7348160743713379,teacher-student,56903dad-30d0-4f4b-be54-497a781099e0
123,2025-04-26 13:39:36,neutral,0.623897135257721,teacher-student,56903dad-30d0-4f4b-be54-497a781099e0
123,2025-04-26 13:39:36,angry,0.5759010314941406,teacher-student,56903dad-30d0-4f4b-be54-497a781099e0
123,2025-04-26 13:39:36,angry,0.6292893886566162,teacher-student,56903dad-30d0-4f4b-be54-497a781099e0
123,2025-04-26 13:39:36,angry,0.6292893886566162,teacher-student,56903dad-30d0-4f4b-be54-497a781099e0
123,2025-04-26 13:39:37,angry,0.5754826664924622,teacher-student,56903dad-30d0-4f4b-be54-497a781099e0
123,2025-04-26 13:39:37,neutral,0.7111603021621704,teacher-student,56903dad-30d0-4f4b-be54-497a781099e0
123,2025-04-26 13:39:37,neutral,0.6413338780403137,teacher-student,56903dad-30d0-4f4b-be54-497a781099e0
123,2025-04-26 13:39:37,angry,0.5537099242210388,teacher-student,56903dad-30d0-4f4b-be54-497a781099e0
123,2025-04-26 13:39:37,neutral,0.7181947827339172,teacher-student,56903dad-30d0-4f4b-be54-497a781099e0
123,2025-04-26 13:39:37,neutral,0.6177302598953247,teacher-student,56903dad-30d0-4f4b-be54-497a781099e0
123,2025-04-26 13:39:37,neutral,0.6177302598953247,teacher-student,56903dad-30d0-4f4b-be54-497a781099e0
123,2025-04-26 13:39:37,neutral,0.747382402420044,teacher-student,56903dad-30d0-4f4b-be54-497a781099e0
goku,2025-04-26 13:40:48,angry,0.6517108082771301,doctor-patient,a2cd5914-b370-4664-b1b5-81a6f74448a7
goku,2025-04-26 13:40:48,angry,0.6197677850723267,doctor-patient,a2cd5914-b370-4664-b1b5-81a6f74448a7
goku,2025-04-26 13:40:48,neutral,0.55556321144104,doctor-patient,a2cd5914-b370-4664-b1b5-81a6f74448a7
goku,2025-04-26 13:40:48,neutral,0.55556321144104,doctor-patient,a2cd5914-b370-4664-b1b5-81a6f74448a7
goku,2025-04-26 13:40:48,angry,0.6134392023086548,doctor-patient,a2cd5914-b370-4664-b1b5-81a6f74448a7
goku,2025-04-26 13:40:48,angry,0.5399017930030823,doctor-patient,a2cd5914-b370-4664-b1b5-81a6f74448a7
goku,2025-04-26 13:40:48,angry,0.6067957878112793,doctor-patient,a2cd5914-b370-4664-b1b5-81a6f74448a7
goku,2025-04-26 13:40:48,angry,0.5649304389953613,doctor-patient,a2cd5914-b370-4664-b1b5-81a6f74448a7
goku,2025-04-26 13:40:48,angry,0.9004942178726196,doctor-patient,a2cd5914-b370-4664-b1b5-81a6f74448a7
goku,2025-04-26 13:40:49,angry,0.8214010000228882,doctor-patient,a2cd5914-b370-4664-b1b5-81a6f74448a7
goku,2025-04-26 13:40:49,angry,0.8214010000228882,doctor-patient,a2cd5914-b370-4664-b1b5-81a6f74448a7
goku,2025-04-26 13:40:49,angry,0.7166368365287781,doctor-patient,a2cd5914-b370-4664-b1b5-81a6f74448a7
goku,2025-04-26 13:40:49,neutral,0.8067491054534912,doctor-patient,a2cd5914-b370-4664-b1b5-81a6f74448a7
goku,2025-04-26 13:40:49,angry,0.7231674790382385,doctor-patient,a2cd5914-b370-4664-b1b5-81a6f74448a7
goku,2025-04-26 13:40:49,angry,0.6661457419395447,doctor-patient,a2cd5914-b370-4664-b1b5-81a6f74448a7
goku,2025-04-26 13:40:49,neutral,0.4488201439380646,doctor-patient,a2cd5914-b370-4664-b1b5-81a6f74448a7
goku,2025-04-26 13:40:49,angry,0.7702135443687439,doctor-patient,a2cd5914-b370-4664-b1b5-81a6f74448a7
goku,2025-04-26 13:40:49,angry,0.7906471490859985,doctor-patient,a2cd5914-b370-4664-b1b5-81a6f74448a7
goku,2025-04-26 13:40:49,angry,0.6176291704177856,doctor-patient,a2cd5914-b370-4664-b1b5-81a6f74448a7
goku,2025-04-26 13:40:49,angry,0.6003074645996094,doctor-patient,a2cd5914-b370-4664-b1b5-81a6f74448a7
goku,2025-04-26 13:40:49,angry,0.6598426699638367,doctor-patient,a2cd5914-b370-4664-b1b5-81a6f74448a7
goku,2025-04-26 13:40:49,angry,0.6598426699638367,doctor-patient,a2cd5914-b370-4664-b1b5-81a6f74448a7
goku,2025-04-26 13:40:50,angry,0.7530242204666138,doctor-patient,a2cd5914-b370-4664-b1b5-81a6f74448a7
goku,2025-04-26 13:40:50,angry,0.8629509806632996,doctor-patient,a2cd5914-b370-4664-b1b5-81a6f74448a7
goku,2025-04-26 13:40:50,angry,0.8228336572647095,doctor-patient,a2cd5914-b370-4664-b1b5-81a6f74448a7
goku,2025-04-26 13:40:50,angry,0.5573680996894836,doctor-patient,a2cd5914-b370-4664-b1b5-81a6f74448a7
goku,2025-04-26 13:40:50,angry,0.9550174474716187,doctor-patient,a2cd5914-b370-4664-b1b5-81a6f74448a7
goku,2025-04-26 13:40:50,neutral,0.6845999956130981,doctor-patient,a2cd5914-b370-4664-b1b5-81a6f74448a7
goku,2025-04-26 13:40:50,neutral,0.6246210336685181,doctor-patient,a2cd5914-b370-4664-b1b5-81a6f74448a7
goku,2025-04-26 13:40:50,angry,0.8231193423271179,doctor-patient,a2cd5914-b370-4664-b1b5-81a6f74448a7
goku,2025-04-26 13:40:50,angry,0.5715224742889404,doctor-patient,a2cd5914-b370-4664-b1b5-81a6f74448a7
goku,2025-04-26 13:40:50,angry,0.7364686131477356,doctor-patient,a2cd5914-b370-4664-b1b5-81a6f74448a7
goku,2025-04-26 13:40:50,angry,0.7364686131477356,doctor-patient,a2cd5914-b370-4664-b1b5-81a6f74448a7
goku,2025-04-26 13:40:50,angry,0.6271501183509827,doctor-patient,a2cd5914-b370-4664-b1b5-81a6f74448a7
goku,2025-04-26 13:40:50,neutral,0.6478001475334167,doctor-patient,a2cd5914-b370-4664-b1b5-81a6f74448a7
goku,2025-04-26 13:40:51,neutral,0.6863322854042053,doctor-patient,a2cd5914-b370-4664-b1b5-81a6f74448a7
goku,2025-04-26 13:40:51,angry,0.6872484683990479,doctor-patient,a2cd5914-b370-4664-b1b5-81a6f74448a7
goku,2025-04-26 13:40:51,angry,0.9249631762504578,doctor-patient,a2cd5914-b370-4664-b1b5-81a6f74448a7
goku,2025-04-26 13:40:51,angry,0.6144750118255615,doctor-patient,a2cd5914-b370-4664-b1b5-81a6f74448a7
goku,2025-04-26 13:40:51,angry,0.5471022725105286,doctor-patient,a2cd5914-b370-4664-b1b5-81a6f74448a7
goku,2025-04-26 13:40:51,angry,0.5471022725105286,doctor-patient,a2cd5914-b370-4664-b1b5-81a6f74448a7
goku,2025-04-26 13:40:51,angry,0.6046181917190552,doctor-patient,a2cd5914-b370-4664-b1b5-81a6f74448a7
goku,2025-04-26 13:40:51,neutral,0.61980140209198,doctor-patient,a2cd5914-b370-4664-b1b5-81a6f74448a7
goku,2025-04-26 13:40:51,neutral,0.6037485003471375,doctor-patient,a2cd5914-b370-4664-b1b5-81a6f74448a7
goku,2025-04-26 13:40:51,neutral,0.6002306938171387,doctor-patient,a2cd5914-b370-4664-b1b5-81a6f74448a7
goku,2025-04-26 13:40:51,neutral,0.6002306938171387,doctor-patient,a2cd5914-b370-4664-b1b5-81a6f74448a7
goku,2025-04-26 13:40:51,neutral,0.5467823147773743,doctor-patient,a2cd5914-b370-4664-b1b5-81a6f74448a7
goku,2025-04-26 13:40:51,angry,0.7151784300804138,doctor-patient,a2cd5914-b370-4664-b1b5-81a6f74448a7
goku,2025-04-26 13:40:52,angry,0.5601556897163391,doctor-patient,a2cd5914-b370-4664-b1b5-81a6f74448a7
goku,2025-04-26 13:40:52,angry,0.7284387350082397,doctor-patient,a2cd5914-b370-4664-b1b5-81a6f74448a7
goku,2025-04-26 13:40:52,angry,0.8831656575202942,doctor-patient,a2cd5914-b370-4664-b1b5-81a6f74448a7
goku,2025-04-26 13:40:52,neutral,0.5443494319915771,doctor-patient,a2cd5914-b370-4664-b1b5-81a6f74448a7
goku,2025-04-26 13:40:52,angry,0.6986292004585266,doctor-patient,a2cd5914-b370-4664-b1b5-81a6f74448a7
goku,2025-04-26 13:40:52,angry,0.7640166878700256,doctor-patient,a2cd5914-b370-4664-b1b5-81a6f74448a7
goku,2025-04-26 13:40:52,angry,0.7894768714904785,doctor-patient,a2cd5914-b370-4664-b1b5-81a6f74448a7
goku,2025-04-26 13:40:52,angry,0.9631560444831848,doctor-patient,a2cd5914-b370-4664-b1b5-81a6f74448a7
goku,2025-04-26 13:40:52,angry,0.9058782458305359,doctor-patient,a2cd5914-b370-4664-b1b5-81a6f74448a7
goku,2025-04-26 13:40:52,angry,0.8145617246627808,doctor-patient,a2cd5914-b370-4664-b1b5-81a6f74448a7
goku,2025-04-26 13:40:52,angry,0.8509714007377625,doctor-patient,a2cd5914-b370-4664-b1b5-81a6f74448a7
goku,2025-04-26 13:40:52,neutral,0.5901950597763062,doctor-patient,a2cd5914-b370-4664-b1b5-81a6f74448a7
goku,2025-04-26 13:40:52,neutral,0.5839201807975769,doctor-patient,a2cd5914-b370-4664-b1b5-81a6f74448a7
goku,2025-04-26 13:40:52,neutral,0.7072650194168091,doctor-patient,a2cd5914-b370-4664-b1b5-81a6f74448a7
goku,2025-04-26 13:40:53,neutral,0.59681636095047,doctor-patient,a2cd5914-b370-4664-b1b5-81a6f74448a7
goku,2025-04-26 13:40:53,angry,0.7697122693061829,doctor-patient,a2cd5914-b370-4664-b1b5-81a6f74448a7
goku,2025-04-26 13:40:53,angry,0.8717630505561829,doctor-patient,a2cd5914-b370-4664-b1b5-81a6f74448a7
goku,2025-04-26 13:40:53,angry,0.680141270160675,doctor-patient,a2cd5914-b370-4664-b1b5-81a6f74448a7
goku,2025-04-26 13:40:53,angry,0.680141270160675,doctor-patient,a2cd5914-b370-4664-b1b5-81a6f74448a7
goku,2025-04-26 13:40:53,neutral,0.8171176910400391,doctor-patient,a2cd5914-b370-4664-b1b5-81a6f74448a7
goku,2025-04-26 13:40:53,neutral,0.7070344686508179,doctor-patient,a2cd5914-b370-4664-b1b5-81a6f74448a7
goku,2025-04-26 13:40:53,angry,0.6994094252586365,doctor-patient,a2cd5914-b370-4664-b1b5-81a6f74448a7
goku,2025-04-26 13:40:53,neutral,0.5866369009017944,doctor-patient,a2cd5914-b370-4664-b1b5-81a6f74448a7
goku,2025-04-26 13:40:53,angry,0.7113586068153381,doctor-patient,a2cd5914-b370-4664-b1b5-81a6f74448a7
goku,2025-04-26 13:40:53,angry,0.7113586068153381,doctor-patient,a2cd5914-b370-4664-b1b5-81a6f74448a7
goku,2025-04-26 13:40:53,angry,0.7315955758094788,doctor-patient,a2cd5914-b370-4664-b1b5-81a6f74448a7
goku,2025-04-26 13:40:53,neutral,0.5591644048690796,doctor-patient,a2cd5914-b370-4664-b1b5-81a6f74448a7
goku,2025-04-26 13:40:54,angry,0.6310210227966309,doctor-patient,a2cd5914-b370-4664-b1b5-81a6f74448a7
goku,2025-04-26 13:40:54,angry,0.4699423909187317,doctor-patient,a2cd5914-b370-4664-b1b5-81a6f74448a7
goku,2025-04-26 13:40:54,angry,0.4699423909187317,doctor-patient,a2cd5914-b370-4664-b1b5-81a6f74448a7
goku,2025-04-26 13:40:54,angry,0.7682814002037048,doctor-patient,a2cd5914-b370-4664-b1b5-81a6f74448a7
goku,2025-04-26 13:40:54,angry,0.7682814002037048,doctor-patient,a2cd5914-b370-4664-b1b5-81a6f74448a7
goku,2025-04-26 13:40:55,happy,0.7848033905029297,doctor-patient,a2cd5914-b370-4664-b1b5-81a6f74448a7
goku,2025-04-26 13:40:55,happy,0.7353221774101257,doctor-patient,a2cd5914-b370-4664-b1b5-81a6f74448a7
goku,2025-04-26 13:40:55,happy,0.7353221774101257,doctor-patient,a2cd5914-b370-4664-b1b5-81a6f74448a7
goku,2025-04-26 13:40:55,angry,0.770331621170044,doctor-patient,a2cd5914-b370-4664-b1b5-81a6f74448a7
goku,2025-04-26 13:40:55,angry,0.770331621170044,doctor-patient,a2cd5914-b370-4664-b1b5-81a6f74448a7
goku,2025-04-26 13:40:55,angry,0.9466436505317688,doctor-patient,a2cd5914-b370-4664-b1b5-81a6f74448a7
goku,2025-04-26 13:40:55,angry,0.9937482476234436,doctor-patient,a2cd5914-b370-4664-b1b5-81a6f74448a7
goku,2025-04-26 13:40:55,angry,0.8390485644340515,doctor-patient,a2cd5914-b370-4664-b1b5-81a6f74448a7
goku,2025-04-26 13:40:55,angry,0.8414115905761719,doctor-patient,a2cd5914-b370-4664-b1b5-81a6f74448a7
goku,2025-04-26 13:40:55,angry,0.7648721933364868,doctor-patient,a2cd5914-b370-4664-b1b5-81a6f74448a7
goku,2025-04-26 13:40:55,angry,0.7648721933364868,doctor-patient,a2cd5914-b370-4664-b1b5-81a6f74448a7
goku,2025-04-26 13:40:55,angry,0.8848100900650024,doctor-patient,a2cd5914-b370-4664-b1b5-81a6f74448a7
goku,2025-04-26 13:40:55,angry,0.8103999495506287,doctor-patient,a2cd5914-b370-4664-b1b5-81a6f74448a7
goku,2025-04-26 13:40:56,angry,0.6902285218238831,doctor-patient,a2cd5914-b370-4664-b1b5-81a6f74448a7
goku,2025-04-26 13:40:56,angry,0.9646946787834167,doctor-patient,a2cd5914-b370-4664-b1b5-81a6f74448a7
goku,2025-04-26 13:40:56,angry,0.9646946787834167,doctor-patient,a2cd5914-b370-4664-b1b5-81a6f74448a7
goku,2025-04-26 13:40:56,angry,0.9420525431632996,doctor-patient,a2cd5914-b370-4664-b1b5-81a6f74448a7
goku,2025-04-26 13:40:56,angry,0.5478273034095764,doctor-patient,a2cd5914-b370-4664-b1b5-81a6f74448a7
goku,2025-04-26 13:40:56,angry,0.8746331930160522,doctor-patient,a2cd5914-b370-4664-b1b5-81a6f74448a7
goku,2025-04-26 13:40:56,angry,0.8879358768463135,doctor-patient,a2cd5914-b370-4664-b1b5-81a6f74448a7
goku,2025-04-26 13:40:56,angry,0.7624489068984985,doctor-patient,a2cd5914-b370-4664-b1b5-81a6f74448a7
goku,2025-04-26 13:40:56,angry,0.7536516189575195,doctor-patient,a2cd5914-b370-4664-b1b5-81a6f74448a7
goku,2025-04-26 13:40:56,angry,0.6798093318939209,doctor-patient,a2cd5914-b370-4664-b1b5-81a6f74448a7
goku,2025-04-26 13:40:56,angry,0.6014076471328735,doctor-patient,a2cd5914-b370-4664-b1b5-81a6f74448a7
goku,2025-04-26 13:40:56,angry,0.9025262594223022,doctor-patient,a2cd5914-b370-4664-b1b5-81a6f74448a7
goku,2025-04-26 13:40:56,angry,0.6736190319061279,doctor-patient,a2cd5914-b370-4664-b1b5-81a6f74448a7
goku,2025-04-26 13:40:57,angry,0.968177080154419,doctor-patient,a2cd5914-b370-4664-b1b5-81a6f74448a7
goku,2025-04-26 13:40:57,angry,0.41731929779052734,doctor-patient,a2cd5914-b370-4664-b1b5-81a6f74448a7
goku,2025-04-26 13:40:57,angry,0.45930784940719604,doctor-patient,a2cd5914-b370-4664-b1b5-81a6f74448a7
goku,2025-04-26 13:40:57,angry,0.6336849331855774,doctor-patient,a2cd5914-b370-4664-b1b5-81a6f74448a7
goku,2025-04-26 13:40:57,angry,0.6336849331855774,doctor-patient,a2cd5914-b370-4664-b1b5-81a6f74448a7
goku,2025-04-26 13:40:57,neutral,0.3026675283908844,doctor-patient,a2cd5914-b370-4664-b1b5-81a6f74448a7
goku,2025-04-26 13:40:57,angry,0.4366947114467621,doctor-patient,a2cd5914-b370-4664-b1b5-81a6f74448a7
goku,2025-04-26 13:40:57,happy,0.5034641027450562,doctor-patient,a2cd5914-b370-4664-b1b5-81a6f74448a7
goku,2025-04-26 13:40:57,angry,0.4943079650402069,doctor-patient,a2cd5914-b370-4664-b1b5-81a6f74448a7
goku,2025-04-26 13:40:57,angry,0.4943079650402069,doctor-patient,a2cd5914-b370-4664-b1b5-81a6f74448a7
goku,2025-04-26 13:40:57,happy,0.4310268461704254,doctor-patient,a2cd5914-b370-4664-b1b5-81a6f74448a7
goku,2025-04-26 13:40:57,angry,0.6515635848045349,doctor-patient,a2cd5914-b370-4664-b1b5-81a6f74448a7
goku,2025-04-26 13:40:57,happy,0.4270671010017395,doctor-patient,a2cd5914-b370-4664-b1b5-81a6f74448a7
goku,2025-04-26 13:40:57,neutral,0.3419366776943207,doctor-patient,a2cd5914-b370-4664-b1b5-81a6f74448a7
goku,2025-04-26 13:40:58,happy,0.6291651129722595,doctor-patient,a2cd5914-b370-4664-b1b5-81a6f74448a7
goku,2025-04-26 13:40:58,happy,0.42650654911994934,doctor-patient,a2cd5914-b370-4664-b1b5-81a6f74448a7
goku,2025-04-26 13:40:58,happy,0.46802186965942383,doctor-patient,a2cd5914-b370-4664-b1b5-81a6f74448a7
goku,2025-04-26 13:40:58,happy,0.46802186965942383,doctor-patient,a2cd5914-b370-4664-b1b5-81a6f74448a7
goku,2025-04-26 13:40:58,angry,0.9549660086631775,doctor-patient,a2cd5914-b370-4664-b1b5-81a6f74448a7
goku,2025-04-26 13:40:58,neutral,0.42396730184555054,doctor-patient,a2cd5914-b370-4664-b1b5-81a6f74448a7
goku,2025-04-26 13:40:58,angry,0.7366049885749817,doctor-patient,a2cd5914-b370-4664-b1b5-81a6f74448a7
goku,2025-04-26 13:40:58,neutral,0.3665628731250763,doctor-patient,a2cd5914-b370-4664-b1b5-81a6f74448a7
goku,2025-04-26 13:40:58,angry,0.5162658095359802,doctor-patient,a2cd5914-b370-4664-b1b5-81a6f74448a7
goku,2025-04-26 13:40:58,happy,0.723779022693634,doctor-patient,a2cd5914-b370-4664-b1b5-81a6f74448a7
goku,2025-04-26 13:40:58,happy,0.7509257793426514,doctor-patient,a2cd5914-b370-4664-b1b5-81a6f74448a7
goku,2025-04-26 13:40:58,angry,0.9601963758468628,doctor-patient,a2cd5914-b370-4664-b1b5-81a6f74448a7
goku,2025-04-26 13:40:58,angry,0.47114408016204834,doctor-patient,a2cd5914-b370-4664-b1b5-81a6f74448a7
goku,2025-04-26 13:40:58,happy,0.6913784146308899,doctor-patient,a2cd5914-b370-4664-b1b5-81a6f74448a7
goku,2025-04-26 13:40:58,angry,1.0040991306304932,doctor-patient,a2cd5914-b370-4664-b1b5-81a6f74448a7
goku,2025-04-26 13:40:59,angry,0.8445272445678711,doctor-patient,a2cd5914-b370-4664-b1b5-81a6f74448a7
goku,2025-04-26 13:40:59,happy,0.7177155017852783,doctor-patient,a2cd5914-b370-4664-b1b5-81a6f74448a7
goku,2025-04-26 13:40:59,angry,0.5481686592102051,doctor-patient,a2cd5914-b370-4664-b1b5-81a6f74448a7
goku,2025-04-26 13:40:59,angry,0.6535977125167847,doctor-patient,a2cd5914-b370-4664-b1b5-81a6f74448a7
goku,2025-04-26 13:40:59,angry,0.6535977125167847,doctor-patient,a2cd5914-b370-4664-b1b5-81a6f74448a7
goku,2025-04-26 13:40:59,angry,0.4830208122730255,doctor-patient,a2cd5914-b370-4664-b1b5-81a6f74448a7
goku,2025-04-26 13:40:59,angry,0.5463626980781555,doctor-patient,a2cd5914-b370-4664-b1b5-81a6f74448a7
goku,2025-04-26 13:40:59,angry,0.9386995434761047,doctor-patient,a2cd5914-b370-4664-b1b5-81a6f74448a7
goku,2025-04-26 13:40:59,angry,0.9386995434761047,doctor-patient,a2cd5914-b370-4664-b1b5-81a6f74448a7
goku,2025-04-26 13:40:59,angry,0.9888060688972473,doctor-patient,a2cd5914-b370-4664-b1b5-81a6f74448a7
goku,2025-04-26 13:41:00,angry,0.7236020565032959,doctor-patient,a2cd5914-b370-4664-b1b5-81a6f74448a7
goku,2025-04-26 13:41:00,angry,0.7236020565032959,doctor-patient,a2cd5914-b370-4664-b1b5-81a6f74448a7
goku,2025-04-26 13:41:00,angry,0.6698498725891113,doctor-patient,a2cd5914-b370-4664-b1b5-81a6f74448a7
goku,2025-04-26 13:41:00,angry,0.6698498725891113,doctor-patient,a2cd5914-b370-4664-b1b5-81a6f74448a7
goku,2025-04-26 13:41:00,angry,0.6775505542755127,doctor-patient,a2cd5914-b370-4664-b1b5-81a6f74448a7
goku,2025-04-26 13:41:00,angry,0.6775505542755127,doctor-patient,a2cd5914-b370-4664-b1b5-81a6f74448a7
goku,2025-04-26 13:41:00,angry,0.7663562893867493,doctor-patient,a2cd5914-b370-4664-b1b5-81a6f74448a7
goku,2025-04-26 13:41:00,angry,0.46076053380966187,doctor-patient,a2cd5914-b370-4664-b1b5-81a6f74448a7
goku,2025-04-26 13:41:00,happy,0.46696892380714417,doctor-patient,a2cd5914-b370-4664-b1b5-81a6f74448a7
goku,2025-04-26 13:41:01,angry,0.8052199482917786,doctor-patient,a2cd5914-b370-4664-b1b5-81a6f74448a7
goku,2025-04-26 13:41:01,angry,0.994250476360321,doctor-patient,a2cd5914-b370-4664-b1b5-81a6f74448a7
goku,2025-04-26 13:41:01,angry,0.994250476360321,doctor-patient,a2cd5914-b370-4664-b1b5-81a6f74448a7
goku,2025-04-26 13:41:01,angry,0.7308404445648193,doctor-patient,a2cd5914-b370-4664-b1b5-81a6f74448a7
goku,2025-04-26 13:41:01,angry,0.7308404445648193,doctor-patient,a2cd5914-b370-4664-b1b5-81a6f74448a7
goku,2025-04-26 13:41:01,angry,0.5866667628288269,doctor-patient,a2cd5914-b370-4664-b1b5-81a6f74448a7
goku,2025-04-26 13:41:01,angry,0.5866667628288269,doctor-patient,a2cd5914-b370-4664-b1b5-81a6f74448a7
goku,2025-04-26 13:41:01,angry,0.7509791254997253,doctor-patient,a2cd5914-b370-4664-b1b5-81a6f74448a7
goku,2025-04-26 13:41:02,angry,0.5459113717079163,doctor-patient,a2cd5914-b370-4664-b1b5-81a6f74448a7
goku,2025-04-26 13:41:02,angry,0.5459113717079163,doctor-patient,a2cd5914-b370-4664-b1b5-81a6f74448a7
goku,2025-04-26 13:41:02,neutral,0.6754379868507385,doctor-patient,a2cd5914-b370-4664-b1b5-81a6f74448a7
goku,2025-04-26 13:41:02,neutral,0.6754379868507385,doctor-patient,a2cd5914-b370-4664-b1b5-81a6f74448a7
goku,2025-04-26 13:41:02,angry,0.7357020378112793,doctor-patient,a2cd5914-b370-4664-b1b5-81a6f74448a7
goku,2025-04-26 13:41:02,angry,1.0172834396362305,doctor-patient,a2cd5914-b370-4664-b1b5-81a6f74448a7
goku,2025-04-26 13:41:02,neutral,0.6127102375030518,doctor-patient,a2cd5914-b370-4664-b1b5-81a6f74448a7
goku,2025-04-26 13:41:02,neutral,0.7444219589233398,doctor-patient,a2cd5914-b370-4664-b1b5-81a6f74448a7
goku,2025-04-26 13:41:02,angry,0.7268118858337402,doctor-patient,a2cd5914-b370-4664-b1b5-81a6f74448a7
goku,2025-04-26 13:41:02,angry,0.7260833978652954,doctor-patient,a2cd5914-b370-4664-b1b5-81a6f74448a7
goku,2025-04-26 13:41:02,angry,0.4580840766429901,doctor-patient,a2cd5914-b370-4664-b1b5-81a6f74448a7
goku,2025-04-26 13:41:02,happy,0.4410519301891327,doctor-patient,a2cd5914-b370-4664-b1b5-81a6f74448a7
goku,2025-04-26 13:41:03,happy,0.4769049286842346,doctor-patient,a2cd5914-b370-4664-b1b5-81a6f74448a7
goku,2025-04-26 13:41:03,happy,0.7231162786483765,doctor-patient,a2cd5914-b370-4664-b1b5-81a6f74448a7
goku,2025-04-26 13:41:03,angry,0.5419380068778992,doctor-patient,a2cd5914-b370-4664-b1b5-81a6f74448a7
goku,2025-04-26 13:41:03,neutral,0.5416913032531738,doctor-patient,a2cd5914-b370-4664-b1b5-81a6f74448a7
goku,2025-04-26 13:41:03,angry,0.6118811964988708,doctor-patient,a2cd5914-b370-4664-b1b5-81a6f74448a7
goku,2025-04-26 13:41:03,neutral,0.42591023445129395,doctor-patient,a2cd5914-b370-4664-b1b5-81a6f74448a7
goku,2025-04-26 13:41:03,angry,0.730311393737793,doctor-patient,a2cd5914-b370-4664-b1b5-81a6f74448a7
goku,2025-04-26 13:41:03,neutral,0.41651588678359985,doctor-patient,a2cd5914-b370-4664-b1b5-81a6f74448a7
goku,2025-04-26 13:41:03,happy,0.5010459423065186,doctor-patient,a2cd5914-b370-4664-b1b5-81a6f74448a7
goku,2025-04-26 13:41:03,happy,0.4167477786540985,doctor-patient,a2cd5914-b370-4664-b1b5-81a6f74448a7
goku,2025-04-26 13:41:03,neutral,0.6434276103973389,doctor-patient,a2cd5914-b370-4664-b1b5-81a6f74448a7
goku,2025-04-26 13:41:03,angry,0.8840381503105164,doctor-patient,a2cd5914-b370-4664-b1b5-81a6f74448a7
goku,2025-04-26 13:41:03,neutral,0.6455392837524414,doctor-patient,a2cd5914-b370-4664-b1b5-81a6f74448a7
goku,2025-04-26 13:41:03,angry,0.8140994906425476,doctor-patient,a2cd5914-b370-4664-b1b5-81a6f74448a7
goku,2025-04-26 13:41:03,neutral,0.7530518770217896,doctor-patient,a2cd5914-b370-4664-b1b5-81a6f74448a7
goku,2025-04-26 13:41:03,angry,0.9982345700263977,doctor-patient,a2cd5914-b370-4664-b1b5-81a6f74448a7
goku,2025-04-26 13:41:04,angry,0.6418192386627197,doctor-patient,a2cd5914-b370-4664-b1b5-81a6f74448a7
goku,2025-04-26 13:41:04,angry,0.6418192386627197,doctor-patient,a2cd5914-b370-4664-b1b5-81a6f74448a7
goku,2025-04-26 13:41:04,angry,0.7825285792350769,doctor-patient,a2cd5914-b370-4664-b1b5-81a6f74448a7
goku,2025-04-26 13:41:04,angry,0.6739200353622437,doctor-patient,a2cd5914-b370-4664-b1b5-81a6f74448a7
goku,2025-04-26 13:41:04,angry,0.7271015644073486,doctor-patient,a2cd5914-b370-4664-b1b5-81a6f74448a7
goku,2025-04-26 13:41:04,neutral,0.6885793209075928,doctor-patient,a2cd5914-b370-4664-b1b5-81a6f74448a7
goku,2025-04-26 13:41:04,neutral,0.8676803112030029,doctor-patient,a2cd5914-b370-4664-b1b5-81a6f74448a7
goku,2025-04-26 13:41:04,angry,0.8571723103523254,doctor-patient,a2cd5914-b370-4664-b1b5-81a6f74448a7
goku,2025-04-26 13:41:04,neutral,0.8496293425559998,doctor-patient,a2cd5914-b370-4664-b1b5-81a6f74448a7
goku,2025-04-26 13:41:04,neutral,0.8968281149864197,doctor-patient,a2cd5914-b370-4664-b1b5-81a6f74448a7
goku,2025-04-26 13:41:04,happy,0.49546995759010315,doctor-patient,a2cd5914-b370-4664-b1b5-81a6f74448a7
goku,2025-04-26 13:41:04,neutral,0.87726891040802,doctor-patient,a2cd5914-b370-4664-b1b5-81a6f74448a7
goku,2025-04-26 13:41:04,neutral,0.8141454458236694,doctor-patient,a2cd5914-b370-4664-b1b5-81a6f74448a7
goku,2025-04-26 13:41:04,neutral,0.81248939037323,doctor-patient,a2cd5914-b370-4664-b1b5-81a6f74448a7
goku,2025-04-26 13:41:05,neutral,0.77823406457901,doctor-patient,a2cd5914-b370-4664-b1b5-81a6f74448a7
goku,2025-04-26 13:41:05,neutral,0.7651023268699646,doctor-patient,a2cd5914-b370-4664-b1b5-81a6f74448a7
goku,2025-04-26 13:41:05,angry,0.8418828845024109,doctor-patient,a2cd5914-b370-4664-b1b5-81a6f74448a7
goku,2025-04-26 13:41:05,neutral,0.695838212966919,doctor-patient,a2cd5914-b370-4664-b1b5-81a6f74448a7
goku,2025-04-26 13:41:05,happy,0.49245485663414,doctor-patient,a2cd5914-b370-4664-b1b5-81a6f74448a7
goku,2025-04-26 13:41:05,angry,0.6682140231132507,doctor-patient,a2cd5914-b370-4664-b1b5-81a6f74448a7
goku,2025-04-26 13:41:05,angry,0.84060138463974,doctor-patient,a2cd5914-b370-4664-b1b5-81a6f74448a7
goku,2025-04-26 13:41:05,angry,0.72115159034729,doctor-patient,a2cd5914-b370-4664-b1b5-81a6f74448a7
goku,2025-04-26 13:41:05,angry,0.6162514090538025,doctor-patient,a2cd5914-b370-4664-b1b5-81a6f74448a7
goku,2025-04-26 13:41:05,angry,0.6037629842758179,doctor-patient,a2cd5914-b370-4664-b1b5-81a6f74448a7
goku,2025-04-26 13:41:07,angry,1.05679452419281,doctor-patient,a2cd5914-b370-4664-b1b5-81a6f74448a7
goku,2025-04-26 13:41:07,angry,1.05679452419281,doctor-patient,a2cd5914-b370-4664-b1b5-81a6f74448a7
goku,2025-04-26 13:41:07,angry,0.9514927268028259,doctor-patient,a2cd5914-b370-4664-b1b5-81a6f74448a7
goku,2025-04-26 13:41:07,angry,0.9514927268028259,doctor-patient,a2cd5914-b370-4664-b1b5-81a6f74448a7
goku,2025-04-26 13:41:09,angry,0.9739235043525696,doctor-patient,a2cd5914-b370-4664-b1b5-81a6f74448a7
goku,2025-04-26 13:41:09,angry,0.9739235043525696,doctor-patient,a2cd5914-b370-4664-b1b5-81a6f74448a7
goku,2025-04-26 13:41:09,angry,1.048319935798645,doctor-patient,a2cd5914-b370-4664-b1b5-81a6f74448a7
goku,2025-04-26 13:41:10,angry,0.9043777585029602,doctor-patient,a2cd5914-b370-4664-b1b5-81a6f74448a7
goku,2025-04-26 13:41:10,angry,0.9043777585029602,doctor-patient,a2cd5914-b370-4664-b1b5-81a6f74448a7
goku,2025-04-26 13:41:10,angry,1.0385700464248657,doctor-patient,a2cd5914-b370-4664-b1b5-81a6f74448a7
goku,2025-04-26 13:41:10,angry,1.0385700464248657,doctor-patient,a2cd5914-b370-4664-b1b5-81a6f74448a7
goku,2025-04-26 13:41:10,angry,1.025052785873413,doctor-patient,a2cd5914-b370-4664-b1b5-81a6f74448a7
goku,2025-04-26 13:41:10,angry,1.0097274780273438,doctor-patient,a2cd5914-b370-4664-b1b5-81a6f74448a7
goku,2025-04-26 13:41:11,angry,1.0097274780273438,doctor-patient,a2cd5914-b370-4664-b1b5-81a6f74448a7
goku,2025-04-26 13:41:11,angry,0.6094860434532166,doctor-patient,a2cd5914-b370-4664-b1b5-81a6f74448a7
goku,2025-04-26 13:41:11,angry,0.6094860434532166,doctor-patient,a2cd5914-b370-4664-b1b5-81a6f74448a7
goku,2025-04-26 13:41:11,neutral,0.5880663990974426,doctor-patient,a2cd5914-b370-4664-b1b5-81a6f74448a7
goku,2025-04-26 13:41:11,angry,1.0700500011444092,doctor-patient,a2cd5914-b370-4664-b1b5-81a6f74448a7
goku,2025-04-26 13:41:11,angry,0.5794002413749695,doctor-patient,a2cd5914-b370-4664-b1b5-81a6f74448a7
goku,2025-04-26 13:41:11,angry,1.0446664094924927,doctor-patient,a2cd5914-b370-4664-b1b5-81a6f74448a7
goku,2025-04-26 13:41:11,angry,0.6737445592880249,doctor-patient,a2cd5914-b370-4664-b1b5-81a6f74448a7
goku,2025-04-26 13:41:11,angry,0.5216795206069946,doctor-patient,a2cd5914-b370-4664-b1b5-81a6f74448a7
goku,2025-04-26 13:41:11,angry,0.6163452863693237,doctor-patient,a2cd5914-b370-4664-b1b5-81a6f74448a7
goku,2025-04-26 13:41:11,angry,0.6340319514274597,doctor-patient,a2cd5914-b370-4664-b1b5-81a6f74448a7
goku,2025-04-26 13:41:11,neutral,0.4954436123371124,doctor-patient,a2cd5914-b370-4664-b1b5-81a6f74448a7
goku,2025-04-26 13:41:11,angry,0.6769046187400818,doctor-patient,a2cd5914-b370-4664-b1b5-81a6f74448a7
goku,2025-04-26 13:41:12,angry,0.5542256832122803,doctor-patient,a2cd5914-b370-4664-b1b5-81a6f74448a7
goku,2025-04-26 13:41:12,angry,0.5366576313972473,doctor-patient,a2cd5914-b370-4664-b1b5-81a6f74448a7
goku,2025-04-26 13:41:12,angry,0.4793817102909088,doctor-patient,a2cd5914-b370-4664-b1b5-81a6f74448a7
goku,2025-04-26 13:41:12,angry,0.4793817102909088,doctor-patient,a2cd5914-b370-4664-b1b5-81a6f74448a7
goku,2025-04-26 13:41:12,angry,0.7064995169639587,doctor-patient,a2cd5914-b370-4664-b1b5-81a6f74448a7
goku,2025-04-26 13:41:12,angry,1.090047001838684,doctor-patient,a2cd5914-b370-4664-b1b5-81a6f74448a7
goku,2025-04-26 13:41:12,angry,0.4523654878139496,doctor-patient,a2cd5914-b370-4664-b1b5-81a6f74448a7
goku,2025-04-26 13:41:12,happy,0.4585466980934143,doctor-patient,a2cd5914-b370-4664-b1b5-81a6f74448a7
goku,2025-04-26 13:41:12,happy,0.4585466980934143,doctor-patient,a2cd5914-b370-4664-b1b5-81a6f74448a7
goku,2025-04-26 13:41:12,happy,0.46343207359313965,doctor-patient,a2cd5914-b370-4664-b1b5-81a6f74448a7
goku,2025-04-26 13:41:12,happy,0.5355730652809143,doctor-patient,a2cd5914-b370-4664-b1b5-81a6f74448a7
goku,2025-04-26 13:41:12,happy,0.5277326107025146,doctor-patient,a2cd5914-b370-4664-b1b5-81a6f74448a7
goku,2025-04-26 13:41:12,happy,0.6094874143600464,doctor-patient,a2cd5914-b370-4664-b1b5-81a6f74448a7
goku,2025-04-26 13:41:12,happy,0.4526943564414978,doctor-patient,a2cd5914-b370-4664-b1b5-81a6f74448a7
goku,2025-04-26 13:41:13,happy,0.5530548095703125,doctor-patient,a2cd5914-b370-4664-b1b5-81a6f74448a7
goku,2025-04-26 13:41:13,angry,0.9085215926170349,doctor-patient,a2cd5914-b370-4664-b1b5-81a6f74448a7
goku,2025-04-26 13:41:13,happy,0.581216037273407,doctor-patient,a2cd5914-b370-4664-b1b5-81a6f74448a7
goku,2025-04-26 13:41:13,happy,0.581216037273407,doctor-patient,a2cd5914-b370-4664-b1b5-81a6f74448a7
goku,2025-04-26 13:41:13,neutral,0.3871305584907532,doctor-patient,a2cd5914-b370-4664-b1b5-81a6f74448a7
goku,2025-04-26 13:41:13,neutral,0.41847971081733704,doctor-patient,a2cd5914-b370-4664-b1b5-81a6f74448a7
goku,2025-04-26 13:41:13,neutral,0.28677642345428467,doctor-patient,a2cd5914-b370-4664-b1b5-81a6f74448a7
goku,2025-04-26 13:41:14,angry,1.0358251333236694,doctor-patient,a2cd5914-b370-4664-b1b5-81a6f74448a7
goku,2025-04-26 13:41:14,neutral,0.5790513157844543,doctor-patient,a2cd5914-b370-4664-b1b5-81a6f74448a7
goku,2025-04-26 13:41:14,neutral,0.5790513157844543,doctor-patient,a2cd5914-b370-4664-b1b5-81a6f74448a7
goku,2025-04-26 13:41:14,neutral,0.7780634760856628,doctor-patient,a2cd5914-b370-4664-b1b5-81a6f74448a7
goku,2025-04-26 13:41:14,angry,0.6266278624534607,doctor-patient,a2cd5914-b370-4664-b1b5-81a6f74448a7
goku,2025-04-26 13:41:14,neutral,0.8117206692695618,doctor-patient,a2cd5914-b370-4664-b1b5-81a6f74448a7
goku,2025-04-26 13:41:14,neutral,0.7557772994041443,doctor-patient,a2cd5914-b370-4664-b1b5-81a6f74448a7
goku,2025-04-26 13:41:14,neutral,0.7557772994041443,doctor-patient,a2cd5914-b370-4664-b1b5-81a6f74448a7
goku,2025-04-26 13:41:14,angry,0.9771656394004822,doctor-patient,a2cd5914-b370-4664-b1b5-81a6f74448a7
goku,2025-04-26 13:41:15,neutral,0.6346590518951416,doctor-patient,a2cd5914-b370-4664-b1b5-81a6f74448a7
goku,2025-04-26 13:41:15,neutral,0.5562706589698792,doctor-patient,a2cd5914-b370-4664-b1b5-81a6f74448a7
goku,2025-04-26 13:41:15,neutral,0.5596386194229126,doctor-patient,a2cd5914-b370-4664-b1b5-81a6f74448a7
goku,2025-04-26 13:41:15,neutral,0.6039436459541321,doctor-patient,a2cd5914-b370-4664-b1b5-81a6f74448a7
goku,2025-04-26 13:41:15,neutral,0.5791107416152954,doctor-patient,a2cd5914-b370-4664-b1b5-81a6f74448a7
goku,2025-04-26 13:41:15,neutral,0.6546533107757568,doctor-patient,a2cd5914-b370-4664-b1b5-81a6f74448a7
goku,2025-04-26 13:41:15,neutral,0.6546533107757568,doctor-patient,a2cd5914-b370-4664-b1b5-81a6f74448a7
goku,2025-04-26 13:41:15,neutral,0.64088374376297,doctor-patient,a2cd5914-b370-4664-b1b5-81a6f74448a7
goku,2025-04-26 13:41:15,neutral,0.64088374376297,doctor-patient,a2cd5914-b370-4664-b1b5-81a6f74448a7
goku,2025-04-26 13:41:15,neutral,0.5828878283500671,doctor-patient,a2cd5914-b370-4664-b1b5-81a6f74448a7
goku,2025-04-26 13:41:15,neutral,0.5596002340316772,doctor-patient,a2cd5914-b370-4664-b1b5-81a6f74448a7
goku,2025-04-26 13:41:15,neutral,0.6557832360267639,doctor-patient,a2cd5914-b370-4664-b1b5-81a6f74448a7
goku,2025-04-26 13:41:16,neutral,0.7537503242492676,doctor-patient,a2cd5914-b370-4664-b1b5-81a6f74448a7
goku,2025-04-26 13:41:16,angry,0.5622868537902832,doctor-patient,a2cd5914-b370-4664-b1b5-81a6f74448a7
goku,2025-04-26 13:41:16,angry,0.5622868537902832,doctor-patient,a2cd5914-b370-4664-b1b5-81a6f74448a7
goku,2025-04-26 13:41:16,angry,0.5532762408256531,doctor-patient,a2cd5914-b370-4664-b1b5-81a6f74448a7
goku,2025-04-26 13:41:16,angry,0.5532762408256531,doctor-patient,a2cd5914-b370-4664-b1b5-81a6f74448a7
goku,2025-04-26 13:41:16,neutral,0.5666658878326416,doctor-patient,a2cd5914-b370-4664-b1b5-81a6f74448a7
goku,2025-04-26 13:41:16,angry,0.571247935295105,doctor-patient,a2cd5914-b370-4664-b1b5-81a6f74448a7
goku,2025-04-26 13:41:16,neutral,0.6984444260597229,doctor-patient,a2cd5914-b370-4664-b1b5-81a6f74448a7
goku,2025-04-26 13:41:16,angry,0.5574558973312378,doctor-patient,a2cd5914-b370-4664-b1b5-81a6f74448a7
goku,2025-04-26 13:41:16,neutral,0.648095428943634,doctor-patient,a2cd5914-b370-4664-b1b5-81a6f74448a7
goku,2025-04-26 13:41:16,neutral,0.566896915435791,doctor-patient,a2cd5914-b370-4664-b1b5-81a6f74448a7
goku,2025-04-26 13:41:16,neutral,0.567852258682251,doctor-patient,a2cd5914-b370-4664-b1b5-81a6f74448a7
goku,2025-04-26 13:41:16,neutral,0.567852258682251,doctor-patient,a2cd5914-b370-4664-b1b5-81a6f74448a7
goku,2025-04-26 13:41:17,neutral,0.6345849633216858,doctor-patient,a2cd5914-b370-4664-b1b5-81a6f74448a7
goku,2025-04-26 13:41:17,neutral,0.6345849633216858,doctor-patient,a2cd5914-b370-4664-b1b5-81a6f74448a7
goku,2025-04-26 13:41:17,angry,0.5488128662109375,doctor-patient,a2cd5914-b370-4664-b1b5-81a6f74448a7
goku,2025-04-26 13:41:17,angry,0.566225528717041,doctor-patient,a2cd5914-b370-4664-b1b5-81a6f74448a7
goku,2025-04-26 13:41:17,neutral,0.6813400387763977,doctor-patient,a2cd5914-b370-4664-b1b5-81a6f74448a7
goku,2025-04-26 13:41:17,neutral,0.7139894366264343,doctor-patient,a2cd5914-b370-4664-b1b5-81a6f74448a7
goku,2025-04-26 13:41:17,neutral,0.7139894366264343,doctor-patient,a2cd5914-b370-4664-b1b5-81a6f74448a7
goku,2025-04-26 13:41:17,neutral,0.6881526708602905,doctor-patient,a2cd5914-b370-4664-b1b5-81a6f74448a7
goku,2025-04-26 13:41:17,neutral,0.5831097960472107,doctor-patient,a2cd5914-b370-4664-b1b5-81a6f74448a7
goku,2025-04-26 13:41:17,neutral,0.63128262758255,doctor-patient,a2cd5914-b370-4664-b1b5-81a6f74448a7
goku,2025-04-26 13:41:17,angry,1.0677742958068848,doctor-patient,a2cd5914-b370-4664-b1b5-81a6f74448a7
goku,2025-04-26 13:41:17,neutral,0.744757354259491,doctor-patient,a2cd5914-b370-4664-b1b5-81a6f74448a7
goku,2025-04-26 13:41:17,neutral,0.5915071964263916,doctor-patient,a2cd5914-b370-4664-b1b5-81a6f74448a7
goku,2025-04-26 13:41:18,neutral,0.5871850252151489,doctor-patient,a2cd5914-b370-4664-b1b5-81a6f74448a7
goku,2025-04-26 13:41:18,angry,0.5849552750587463,doctor-patient,a2cd5914-b370-4664-b1b5-81a6f74448a7
goku,2025-04-26 13:41:18,angry,0.5849552750587463,doctor-patient,a2cd5914-b370-4664-b1b5-81a6f74448a7
goku,2025-04-26 13:41:18,neutral,0.6085824966430664,doctor-patient,a2cd5914-b370-4664-b1b5-81a6f74448a7
goku,2025-04-26 13:41:18,neutral,0.7090858817100525,doctor-patient,a2cd5914-b370-4664-b1b5-81a6f74448a7
goku,2025-04-26 13:41:18,angry,0.6915854215621948,doctor-patient,a2cd5914-b370-4664-b1b5-81a6f74448a7
goku,2025-04-26 13:41:18,neutral,0.704082190990448,doctor-patient,a2cd5914-b370-4664-b1b5-81a6f74448a7
goku,2025-04-26 13:41:18,angry,0.62385493516922,doctor-patient,a2cd5914-b370-4664-b1b5-81a6f74448a7
goku,2025-04-26 13:41:18,neutral,0.5668678283691406,doctor-patient,a2cd5914-b370-4664-b1b5-81a6f74448a7
goku,2025-04-26 13:41:18,neutral,0.5668678283691406,doctor-patient,a2cd5914-b370-4664-b1b5-81a6f74448a7
goku,2025-04-26 13:41:18,neutral,0.7322972416877747,doctor-patient,a2cd5914-b370-4664-b1b5-81a6f74448a7
goku,2025-04-26 13:41:18,neutral,0.7322972416877747,doctor-patient,a2cd5914-b370-4664-b1b5-81a6f74448a7
goku,2025-04-26 13:41:18,neutral,0.6872403025627136,doctor-patient,a2cd5914-b370-4664-b1b5-81a6f74448a7
goku,2025-04-26 13:41:18,neutral,0.7608625292778015,doctor-patient,a2cd5914-b370-4664-b1b5-81a6f74448a7
goku,2025-04-26 13:41:19,angry,0.9825869798660278,doctor-patient,a2cd5914-b370-4664-b1b5-81a6f74448a7
goku,2025-04-26 13:41:19,neutral,0.6932904720306396,doctor-patient,a2cd5914-b370-4664-b1b5-81a6f74448a7
goku,2025-04-26 13:41:19,neutral,0.6805874109268188,doctor-patient,a2cd5914-b370-4664-b1b5-81a6f74448a7
goku,2025-04-26 13:41:19,angry,1.0834558010101318,doctor-patient,a2cd5914-b370-4664-b1b5-81a6f74448a7
goku,2025-04-26 13:41:19,neutral,0.678554356098175,doctor-patient,a2cd5914-b370-4664-b1b5-81a6f74448a7
goku,2025-04-26 13:41:19,neutral,0.6969269514083862,doctor-patient,a2cd5914-b370-4664-b1b5-81a6f74448a7
goku,2025-04-26 13:41:19,neutral,0.7268324494361877,doctor-patient,a2cd5914-b370-4664-b1b5-81a6f74448a7
goku,2025-04-26 13:41:19,neutral,0.7268324494361877,doctor-patient,a2cd5914-b370-4664-b1b5-81a6f74448a7
goku,2025-04-26 13:41:19,neutral,0.7913070917129517,doctor-patient,a2cd5914-b370-4664-b1b5-81a6f74448a7
goku,2025-04-26 13:41:19,neutral,0.7290509939193726,doctor-patient,a2cd5914-b370-4664-b1b5-81a6f74448a7
goku,2025-04-26 13:41:19,neutral,0.6439789533615112,doctor-patient,a2cd5914-b370-4664-b1b5-81a6f74448a7
goku,2025-04-26 13:41:19,angry,0.5609201788902283,doctor-patient,a2cd5914-b370-4664-b1b5-81a6f74448a7
goku,2025-04-26 13:41:19,neutral,0.7563918828964233,doctor-patient,a2cd5914-b370-4664-b1b5-81a6f74448a7
goku,2025-04-26 13:41:20,neutral,0.5622967481613159,doctor-patient,a2cd5914-b370-4664-b1b5-81a6f74448a7
goku,2025-04-26 13:41:20,neutral,0.7014877200126648,doctor-patient,a2cd5914-b370-4664-b1b5-81a6f74448a7
goku,2025-04-26 13:41:20,neutral,0.6773107647895813,doctor-patient,a2cd5914-b370-4664-b1b5-81a6f74448a7
goku,2025-04-26 13:41:20,neutral,0.6432335376739502,doctor-patient,a2cd5914-b370-4664-b1b5-81a6f74448a7
goku,2025-04-26 13:41:20,neutral,0.6432335376739502,doctor-patient,a2cd5914-b370-4664-b1b5-81a6f74448a7
goku,2025-04-26 13:41:20,angry,0.6767362952232361,doctor-patient,a2cd5914-b370-4664-b1b5-81a6f74448a7
goku,2025-04-26 13:41:20,angry,0.5843372344970703,doctor-patient,a2cd5914-b370-4664-b1b5-81a6f74448a7
goku,2025-04-26 13:41:20,angry,0.5692475438117981,doctor-patient,a2cd5914-b370-4664-b1b5-81a6f74448a7
goku,2025-04-26 13:41:20,angry,0.7950462698936462,doctor-patient,a2cd5914-b370-4664-b1b5-81a6f74448a7
goku,2025-04-26 13:41:20,angry,0.7950462698936462,doctor-patient,a2cd5914-b370-4664-b1b5-81a6f74448a7
goku,2025-04-26 13:41:20,angry,0.8459947109222412,doctor-patient,a2cd5914-b370-4664-b1b5-81a6f74448a7
goku,2025-04-26 13:41:20,angry,0.8459947109222412,doctor-patient,a2cd5914-b370-4664-b1b5-81a6f74448a7
goku,2025-04-26 13:41:20,angry,0.6175116896629333,doctor-patient,a2cd5914-b370-4664-b1b5-81a6f74448a7
goku,2025-04-26 13:41:21,angry,0.6994889378547668,doctor-patient,a2cd5914-b370-4664-b1b5-81a6f74448a7
goku,2025-04-26 13:41:21,angry,0.7917470335960388,doctor-patient,a2cd5914-b370-4664-b1b5-81a6f74448a7
goku,2025-04-26 13:41:21,angry,0.7505030632019043,doctor-patient,a2cd5914-b370-4664-b1b5-81a6f74448a7
goku,2025-04-26 13:41:21,angry,0.6127744913101196,doctor-patient,a2cd5914-b370-4664-b1b5-81a6f74448a7
goku,2025-04-26 13:41:21,angry,0.6127744913101196,doctor-patient,a2cd5914-b370-4664-b1b5-81a6f74448a7
goku,2025-04-26 13:41:21,neutral,0.5435017943382263,doctor-patient,a2cd5914-b370-4664-b1b5-81a6f74448a7
goku,2025-04-26 13:41:21,neutral,0.6694673299789429,doctor-patient,a2cd5914-b370-4664-b1b5-81a6f74448a7
goku,2025-04-26 13:41:21,angry,0.5857064723968506,doctor-patient,a2cd5914-b370-4664-b1b5-81a6f74448a7
goku,2025-04-26 13:41:21,neutral,0.9206733107566833,doctor-patient,a2cd5914-b370-4664-b1b5-81a6f74448a7
goku,2025-04-26 13:41:21,neutral,0.9206733107566833,doctor-patient,a2cd5914-b370-4664-b1b5-81a6f74448a7
goku,2025-04-26 13:41:21,neutral,0.8389447331428528,doctor-patient,a2cd5914-b370-4664-b1b5-81a6f74448a7
goku,2025-04-26 13:41:21,neutral,0.6277298331260681,doctor-patient,a2cd5914-b370-4664-b1b5-81a6f74448a7
goku,2025-04-26 13:41:21,neutral,0.6552427411079407,doctor-patient,a2cd5914-b370-4664-b1b5-81a6f74448a7
goku,2025-04-26 13:41:22,neutral,0.6734512448310852,doctor-patient,a2cd5914-b370-4664-b1b5-81a6f74448a7
goku,2025-04-26 13:41:22,neutral,0.6734512448310852,doctor-patient,a2cd5914-b370-4664-b1b5-81a6f74448a7
goku,2025-04-26 13:41:22,angry,0.5417991876602173,doctor-patient,a2cd5914-b370-4664-b1b5-81a6f74448a7
goku,2025-04-26 13:41:22,neutral,0.6582713723182678,doctor-patient,a2cd5914-b370-4664-b1b5-81a6f74448a7
goku,2025-04-26 13:41:22,angry,0.4769207537174225,doctor-patient,a2cd5914-b370-4664-b1b5-81a6f74448a7
goku,2025-04-26 13:41:22,angry,1.0139729976654053,doctor-patient,a2cd5914-b370-4664-b1b5-81a6f74448a7
goku,2025-04-26 13:41:22,neutral,0.5494270324707031,doctor-patient,a2cd5914-b370-4664-b1b5-81a6f74448a7
goku,2025-04-26 13:41:22,angry,0.48213982582092285,doctor-patient,a2cd5914-b370-4664-b1b5-81a6f74448a7
goku,2025-04-26 13:41:22,neutral,0.5622918605804443,doctor-patient,a2cd5914-b370-4664-b1b5-81a6f74448a7
goku,2025-04-26 13:41:22,angry,0.5689764618873596,doctor-patient,a2cd5914-b370-4664-b1b5-81a6f74448a7
goku,2025-04-26 13:41:22,neutral,0.5756074786186218,doctor-patient,a2cd5914-b370-4664-b1b5-81a6f74448a7
goku,2025-04-26 13:41:22,angry,1.0173426866531372,doctor-patient,a2cd5914-b370-4664-b1b5-81a6f74448a7
goku,2025-04-26 13:41:22,neutral,0.5182222127914429,doctor-patient,a2cd5914-b370-4664-b1b5-81a6f74448a7
goku,2025-04-26 13:41:23,neutral,0.5862837433815002,doctor-patient,a2cd5914-b370-4664-b1b5-81a6f74448a7
goku,2025-04-26 13:41:23,neutral,0.5862837433815002,doctor-patient,a2cd5914-b370-4664-b1b5-81a6f74448a7
goku,2025-04-26 13:41:23,angry,0.5220255851745605,doctor-patient,a2cd5914-b370-4664-b1b5-81a6f74448a7
goku,2025-04-26 13:41:23,angry,0.5220255851745605,doctor-patient,a2cd5914-b370-4664-b1b5-81a6f74448a7
goku,2025-04-26 13:41:23,neutral,0.6002382040023804,doctor-patient,a2cd5914-b370-4664-b1b5-81a6f74448a7
goku,2025-04-26 13:41:23,neutral,0.5570799708366394,doctor-patient,a2cd5914-b370-4664-b1b5-81a6f74448a7
goku,2025-04-26 13:41:23,angry,0.5222494006156921,doctor-patient,a2cd5914-b370-4664-b1b5-81a6f74448a7
goku,2025-04-26 13:41:23,neutral,0.47404971718788147,doctor-patient,a2cd5914-b370-4664-b1b5-81a6f74448a7
goku,2025-04-26 13:41:23,neutral,0.47404971718788147,doctor-patient,a2cd5914-b370-4664-b1b5-81a6f74448a7
goku,2025-04-26 13:41:23,angry,0.6443398594856262,doctor-patient,a2cd5914-b370-4664-b1b5-81a6f74448a7
goku,2025-04-26 13:41:23,angry,0.4983515441417694,doctor-patient,a2cd5914-b370-4664-b1b5-81a6f74448a7
goku,2025-04-26 13:41:23,angry,1.0546942949295044,doctor-patient,a2cd5914-b370-4664-b1b5-81a6f74448a7
goku,2025-04-26 13:41:23,angry,1.0206483602523804,doctor-patient,a2cd5914-b370-4664-b1b5-81a6f74448a7
goku,2025-04-26 13:41:24,angry,1.0206483602523804,doctor-patient,a2cd5914-b370-4664-b1b5-81a6f74448a7
goku,2025-04-26 13:41:24,angry,1.028131127357483,doctor-patient,a2cd5914-b370-4664-b1b5-81a6f74448a7
goku,2025-04-26 13:41:24,angry,1.028131127357483,doctor-patient,a2cd5914-b370-4664-b1b5-81a6f74448a7
